Country,store_id,store_name,store_region
United Kingdom,1,Store_United Kingdom,United Kingdom
France,2,Store_France,France
USA,3,Store_USA,USA
Belgium,4,Store_Belgium,Belgium
Australia,5,Store_Australia,Australia
EIRE,6,Store_EIRE,EIRE
Germany,7,Store_Germany,Germany
Portugal,8,Store_Portugal,Portugal
Denmark,9,Store_Denmark,Denmark
Netherlands,10,Store_Netherlands,Netherlands
Poland,11,Store_Poland,Poland
Channel Islands,12,Store_Channel Islands,Channel Islands
Spain,13,Store_Spain,Spain
Cyprus,14,Store_Cyprus,Cyprus
Greece,15,Store_Greece,Greece
Norway,16,Store_Norway,Norway
Austria,17,Store_Austria,Austria
Sweden,18,Store_Sweden,Sweden
United Arab Emirates,19,Store_United Arab Emirates,United Arab Emirates
Finland,20,Store_Finland,Finland
Italy,21,Store_Italy,Italy
Switzerland,22,Store_Switzerland,Switzerland
Japan,23,Store_Japan,Japan
Unspecified,24,Store_Unspecified,Unspecified
Nigeria,25,Store_Nigeria,Nigeria
Malta,26,Store_Malta,Malta
RSA,27,Store_RSA,RSA
Singapore,28,Store_Singapore,Singapore
Bahrain,29,Store_Bahrain,Bahrain
Thailand,30,Store_Thailand,Thailand
Israel,31,Store_Israel,Israel
Lithuania,32,Store_Lithuania,Lithuania
West Indies,33,Store_West Indies,West Indies
Korea,34,Store_Korea,Korea
Brazil,35,Store_Brazil,Brazil
Canada,36,Store_Canada,Canada
Iceland,37,Store_Iceland,Iceland
Lebanon,38,Store_Lebanon,Lebanon
Saudi Arabia,39,Store_Saudi Arabia,Saudi Arabia
Czech Republic,40,Store_Czech Republic,Czech Republic
European Community,41,Store_European Community,European Community
